{"use_emb_plr": false, "d": 320, "d_hidden_factor": 2.858716627571666, "n_layers": 5, "hidden_dropout": 0.16378418930641725, "use_residual_dropout": false, "lr": 0.004691728740235959, "use_wd": false, "mom1": 0.9718051217247891, "mom2": 0.9400055612622487}