{"use_emb_plr": false, "d": 384, "d_hidden_factor": 3.8452363607076387, "n_layers": 4, "hidden_dropout": 0.36532679106742566, "use_residual_dropout": false, "lr": 0.0034391481319890416, "use_wd": true, "wd": 0.006875111746818261, "mom1": 0.896360048067613, "mom2": 0.9688030470110204}