{"d": 384, "d_hidden_factor": 3.9989728254475154, "fit": "fit_one_cycle", "hidden_dropout": 0.39083920117084997, "lr": 0.004100897030237595, "n_layers": 4, "use_residual_dropout": false, "use_wd": false}