{"use_emb_plr": true, "d": 384, "d_hidden_factor": 1.7240638532275505, "n_layers": 6, "hidden_dropout": 0.07100428110668827, "use_residual_dropout": false, "lr": 0.005838734471293498, "use_wd": true, "wd": 4.136850519159676e-07, "mom1": 0.8624507301670216, "mom2": 0.9715083209683281}