{"use_emb_plr": false, "d": 256, "d_hidden_factor": 3.8333028626560752, "n_layers": 2, "hidden_dropout": 0.32705248306115214, "use_residual_dropout": false, "lr": 0.009987709623265692, "use_wd": true, "wd": 4.4272363030178336e-07, "mom1": 0.8758298344211434, "mom2": 0.9077920664934663}